loss,grad_norm,learning_rate,epoch,step,eval_loss,eval_accuracy,eval_precision,eval_recall,eval_f1,eval_runtime,eval_samples_per_second,eval_steps_per_second,train_runtime,train_samples_per_second,train_steps_per_second,total_flos,train_loss
0.5346,748469.25,1.9767220902612828e-05,0.023752969121140142,50,,,,,,,,,,,,,
0.3229,725634.1875,1.952969121140143e-05,0.047505938242280284,100,,,,,,,,,,,,,
0.29,367653.3125,1.9292161520190026e-05,0.07125890736342043,150,,,,,,,,,,,,,
0.2888,544416.75,1.9054631828978623e-05,0.09501187648456057,200,,,,,,,,,,,,,
0.2923,588905.6875,1.8817102137767224e-05,0.1187648456057007,250,,,,,,,,,,,,,
0.2899,329074.96875,1.857957244655582e-05,0.14251781472684086,300,,,,,,,,,,,,,
0.2492,195740.53125,1.834204275534442e-05,0.166270783847981,350,,,,,,,,,,,,,
0.2381,303201.09375,1.8104513064133016e-05,0.19002375296912113,400,,,,,,,,,,,,,
0.2491,482245.125,1.7866983372921617e-05,0.21377672209026127,450,,,,,,,,,,,,,
0.2225,563000.6875,1.7629453681710215e-05,0.2375296912114014,500,,,,,,,,,,,,,
0.2213,318346.03125,1.7391923990498812e-05,0.26128266033254155,550,,,,,,,,,,,,,
0.2125,789680.6875,1.7154394299287413e-05,0.2850356294536817,600,,,,,,,,,,,,,
0.2318,252385.625,1.691686460807601e-05,0.3087885985748218,650,,,,,,,,,,,,,
0.2097,538008.6875,1.6679334916864608e-05,0.332541567695962,700,,,,,,,,,,,,,
0.2146,894311.375,1.644180522565321e-05,0.35629453681710216,750,,,,,,,,,,,,,
0.1959,456400.78125,1.6204275534441806e-05,0.38004750593824227,800,,,,,,,,,,,,,
0.1956,722811.0,1.5966745843230403e-05,0.40380047505938244,850,,,,,,,,,,,,,
0.1914,512941.71875,1.5729216152019004e-05,0.42755344418052255,900,,,,,,,,,,,,,
0.1976,271773.21875,1.5491686460807602e-05,0.4513064133016627,950,,,,,,,,,,,,,
0.1817,481056.25,1.5254156769596201e-05,0.4750593824228028,1000,,,,,,,,,,,,,
0.21,738496.875,1.50166270783848e-05,0.498812351543943,1050,,,,,,,,,,,,,
0.1739,422072.8125,1.4779097387173397e-05,0.5225653206650831,1100,,,,,,,,,,,,,
0.1699,96680.5546875,1.4541567695961995e-05,0.5463182897862233,1150,,,,,,,,,,,,,
0.1746,638402.375,1.4304038004750596e-05,0.5700712589073634,1200,,,,,,,,,,,,,
0.1732,159134.703125,1.4066508313539193e-05,0.5938242280285035,1250,,,,,,,,,,,,,
0.1716,304192.15625,1.382897862232779e-05,0.6175771971496437,1300,,,,,,,,,,,,,
0.1984,166240.90625,1.3591448931116391e-05,0.6413301662707839,1350,,,,,,,,,,,,,
0.1739,416848.4375,1.3353919239904989e-05,0.665083135391924,1400,,,,,,,,,,,,,
0.1853,342727.28125,1.311638954869359e-05,0.6888361045130641,1450,,,,,,,,,,,,,
0.1934,352398.03125,1.2878859857482187e-05,0.7125890736342043,1500,,,,,,,,,,,,,
0.1531,87044.484375,1.2641330166270785e-05,0.7363420427553444,1550,,,,,,,,,,,,,
0.1871,165507.234375,1.2403800475059384e-05,0.7600950118764845,1600,,,,,,,,,,,,,
0.1578,503646.5,1.2166270783847983e-05,0.7838479809976246,1650,,,,,,,,,,,,,
0.1886,686995.875,1.192874109263658e-05,0.8076009501187649,1700,,,,,,,,,,,,,
0.1695,157040.6875,1.169121140142518e-05,0.831353919239905,1750,,,,,,,,,,,,,
0.1634,87539.34375,1.1453681710213777e-05,0.8551068883610451,1800,,,,,,,,,,,,,
0.16,780829.625,1.1216152019002376e-05,0.8788598574821853,1850,,,,,,,,,,,,,
0.1546,512632.78125,1.0978622327790975e-05,0.9026128266033254,1900,,,,,,,,,,,,,
0.1511,143899.15625,1.0741092636579572e-05,0.9263657957244655,1950,,,,,,,,,,,,,
0.1606,629740.125,1.0503562945368172e-05,0.9501187648456056,2000,,,,,,,,,,,,,
0.1619,926863.0625,1.026603325415677e-05,0.9738717339667459,2050,,,,,,,,,,,,,
0.1469,142452.59375,1.0028503562945368e-05,0.997624703087886,2100,,,,,,,,,,,,,
,,,1.0,2105,0.23348428308963776,0.9220183486238532,0.9140969162995595,0.9346846846846847,0.9242761692650334,4.1915,208.039,6.68,,,,,
0.1008,551871.1875,9.790973871733967e-06,1.0213776722090262,2150,,,,,,,,,,,,,
0.1213,345274.5625,9.553444180522566e-06,1.0451306413301662,2200,,,,,,,,,,,,,
0.1064,103660.203125,9.315914489311164e-06,1.0688836104513064,2250,,,,,,,,,,,,,
0.1039,752164.875,9.078384798099763e-06,1.0926365795724466,2300,,,,,,,,,,,,,
0.091,1051310.75,8.840855106888362e-06,1.1163895486935866,2350,,,,,,,,,,,,,
0.1463,123197.53125,8.603325415676961e-06,1.1401425178147269,2400,,,,,,,,,,,,,
0.1225,143569.609375,8.365795724465559e-06,1.1638954869358669,2450,,,,,,,,,,,,,
0.1244,116837.2421875,8.128266033254158e-06,1.187648456057007,2500,,,,,,,,,,,,,
0.1256,522040.78125,7.890736342042757e-06,1.2114014251781473,2550,,,,,,,,,,,,,
0.1042,79602.1953125,7.653206650831354e-06,1.2351543942992875,2600,,,,,,,,,,,,,
0.1286,313398.75,7.415676959619953e-06,1.2589073634204275,2650,,,,,,,,,,,,,
0.0894,79062.34375,7.178147268408552e-06,1.2826603325415677,2700,,,,,,,,,,,,,
0.1205,122421.5,6.940617577197151e-06,1.3064133016627077,2750,,,,,,,,,,,,,
0.1217,12729.0732421875,6.703087885985748e-06,1.330166270783848,2800,,,,,,,,,,,,,
0.0931,483734.15625,6.4655581947743475e-06,1.3539192399049882,2850,,,,,,,,,,,,,
0.1066,746605.4375,6.228028503562946e-06,1.3776722090261282,2900,,,,,,,,,,,,,
0.106,13076.4052734375,5.990498812351544e-06,1.4014251781472684,2950,,,,,,,,,,,,,
0.1545,144414.9375,5.752969121140143e-06,1.4251781472684084,3000,,,,,,,,,,,,,
0.1149,80828.6875,5.5154394299287415e-06,1.4489311163895486,3050,,,,,,,,,,,,,
0.1129,322671.96875,5.277909738717341e-06,1.4726840855106889,3100,,,,,,,,,,,,,
0.1166,351424.375,5.040380047505938e-06,1.496437054631829,3150,,,,,,,,,,,,,
0.1137,254361.125,4.802850356294537e-06,1.520190023752969,3200,,,,,,,,,,,,,
0.1327,279711.625,4.5653206650831355e-06,1.5439429928741093,3250,,,,,,,,,,,,,
0.0726,48929.203125,4.327790973871735e-06,1.5676959619952493,3300,,,,,,,,,,,,,
0.1379,41923.3125,4.090261282660333e-06,1.5914489311163895,3350,,,,,,,,,,,,,
0.1365,645085.0,3.852731591448932e-06,1.6152019002375297,3400,,,,,,,,,,,,,
0.0988,117928.46875,3.61520190023753e-06,1.63895486935867,3450,,,,,,,,,,,,,
0.1268,9957.6728515625,3.3776722090261286e-06,1.66270783847981,3500,,,,,,,,,,,,,
0.0906,9124.939453125,3.1401425178147273e-06,1.68646080760095,3550,,,,,,,,,,,,,
0.1193,396772.09375,2.9026128266033256e-06,1.7102137767220902,3600,,,,,,,,,,,,,
0.1289,1070491.0,2.6650831353919243e-06,1.7339667458432304,3650,,,,,,,,,,,,,
0.092,65951.765625,2.4275534441805226e-06,1.7577197149643706,3700,,,,,,,,,,,,,
0.1342,1059831.75,2.1900237529691213e-06,1.7814726840855108,3750,,,,,,,,,,,,,
0.1418,342954.65625,1.95249406175772e-06,1.8052256532066508,3800,,,,,,,,,,,,,
0.1274,233260.484375,1.7149643705463185e-06,1.8289786223277908,3850,,,,,,,,,,,,,
0.1338,11971.09765625,1.477434679334917e-06,1.852731591448931,3900,,,,,,,,,,,,,
0.1016,38255.66796875,1.2399049881235155e-06,1.8764845605700713,3950,,,,,,,,,,,,,
0.129,12332.2861328125,1.002375296912114e-06,1.9002375296912115,4000,,,,,,,,,,,,,
0.1355,471729.375,7.648456057007127e-07,1.9239904988123515,4050,,,,,,,,,,,,,
0.0949,178293.96875,5.273159144893112e-07,1.9477434679334917,4100,,,,,,,,,,,,,
0.0917,356741.84375,2.897862232779098e-07,1.9714964370546317,4150,,,,,,,,,,,,,
0.1002,541879.9375,5.225653206650832e-08,1.995249406175772,4200,,,,,,,,,,,,,
,,,2.0,4210,0.3169364333152771,0.9220183486238532,0.9140969162995595,0.9346846846846847,0.9242761692650334,4.2071,207.266,6.655,,,,,
,,,2.0,4210,,,,,,,,,1858.0887,72.493,2.266,8860133233720320.0,0.16264365900157465
